cve_id,arm,k,action,target_rule_id,rules_hash_pre,rules_hash_post,rules_yaml_bytes_pre,rules_yaml_bytes_post,rules_yaml_changed,findings_hash,findings_changed_vs_k0
CVE-2020-11981,semgrep,0,,,548f37a35d7f8dd4,548f37a35d7f8dd4,2630,2630,False,e3b0c44298fc1c14,False
CVE-2020-11981,semgrep,1,,,548f37a35d7f8dd4,548f37a35d7f8dd4,2630,2630,False,e3b0c44298fc1c14,False
CVE-2020-11981,semgrep,2,,,548f37a35d7f8dd4,548f37a35d7f8dd4,2630,2630,False,e3b0c44298fc1c14,False
CVE-2020-11981,semgrep,3,,,548f37a35d7f8dd4,548f37a35d7f8dd4,2630,2630,False,e3b0c44298fc1c14,False
CVE-2020-11978,semgrep,0,,,548f37a35d7f8dd4,548f37a35d7f8dd4,2630,2630,False,e3b0c44298fc1c14,False
CVE-2020-11978,semgrep,1,,,548f37a35d7f8dd4,548f37a35d7f8dd4,2630,2630,False,e3b0c44298fc1c14,False
CVE-2020-11978,semgrep,2,,,548f37a35d7f8dd4,548f37a35d7f8dd4,2630,2630,False,e3b0c44298fc1c14,False
CVE-2020-11978,semgrep,3,,,548f37a35d7f8dd4,548f37a35d7f8dd4,2630,2630,False,e3b0c44298fc1c14,False
CVE-2020-15271,semgrep,0,refine,,548f37a35d7f8dd4,26b623d77a827839,2630,2455,True,f633f240430d714c,False
CVE-2020-15271,semgrep,1,keep,,26b623d77a827839,26b623d77a827839,2455,2455,False,f633f240430d714c,False
CVE-2020-15271,semgrep,2,refine,,26b623d77a827839,26b623d77a827839,2455,2455,False,f633f240430d714c,False
CVE-2020-15271,semgrep,3,,,26b623d77a827839,26b623d77a827839,2455,2455,False,f633f240430d714c,False
CVE-2021-38305,semgrep,0,,,548f37a35d7f8dd4,548f37a35d7f8dd4,2630,2630,False,e3b0c44298fc1c14,False
CVE-2021-38305,semgrep,1,,,548f37a35d7f8dd4,548f37a35d7f8dd4,2630,2630,False,e3b0c44298fc1c14,False
CVE-2021-38305,semgrep,2,,,548f37a35d7f8dd4,548f37a35d7f8dd4,2630,2630,False,e3b0c44298fc1c14,False
CVE-2021-38305,semgrep,3,,,548f37a35d7f8dd4,548f37a35d7f8dd4,2630,2630,False,e3b0c44298fc1c14,False
CVE-2021-39160,semgrep,0,,,548f37a35d7f8dd4,548f37a35d7f8dd4,2630,2630,False,e3b0c44298fc1c14,False
CVE-2021-39160,semgrep,1,,,548f37a35d7f8dd4,548f37a35d7f8dd4,2630,2630,False,e3b0c44298fc1c14,False
CVE-2021-39160,semgrep,2,,,548f37a35d7f8dd4,548f37a35d7f8dd4,2630,2630,False,e3b0c44298fc1c14,False
CVE-2021-39160,semgrep,3,,,548f37a35d7f8dd4,548f37a35d7f8dd4,2630,2630,False,e3b0c44298fc1c14,False
CVE-2021-39159,semgrep,0,,,548f37a35d7f8dd4,548f37a35d7f8dd4,2630,2630,False,e3b0c44298fc1c14,False
CVE-2021-39159,semgrep,1,,,548f37a35d7f8dd4,548f37a35d7f8dd4,2630,2630,False,e3b0c44298fc1c14,False
CVE-2021-39159,semgrep,2,,,548f37a35d7f8dd4,548f37a35d7f8dd4,2630,2630,False,e3b0c44298fc1c14,False
CVE-2021-39159,semgrep,3,,,548f37a35d7f8dd4,548f37a35d7f8dd4,2630,2630,False,e3b0c44298fc1c14,False
CVE-2021-23422,semgrep,0,refine,,548f37a35d7f8dd4,26b623d77a827839,2630,2455,True,06422a7169a8f0d7,False
CVE-2021-23422,semgrep,1,refine,,26b623d77a827839,26b623d77a827839,2455,2455,False,06422a7169a8f0d7,False
CVE-2021-23422,semgrep,2,refine,,26b623d77a827839,26b623d77a827839,2455,2455,False,06422a7169a8f0d7,False
CVE-2021-23422,semgrep,3,,,26b623d77a827839,26b623d77a827839,2455,2455,False,06422a7169a8f0d7,False
CVE-2021-22557,semgrep,0,,,548f37a35d7f8dd4,548f37a35d7f8dd4,2630,2630,False,e3b0c44298fc1c14,False
CVE-2021-22557,semgrep,1,,,548f37a35d7f8dd4,548f37a35d7f8dd4,2630,2630,False,e3b0c44298fc1c14,False
CVE-2021-22557,semgrep,2,,,548f37a35d7f8dd4,548f37a35d7f8dd4,2630,2630,False,e3b0c44298fc1c14,False
CVE-2021-22557,semgrep,3,,,548f37a35d7f8dd4,548f37a35d7f8dd4,2630,2630,False,e3b0c44298fc1c14,False
CVE-2021-41228,semgrep,0,refine,,548f37a35d7f8dd4,26b623d77a827839,2630,2455,True,e6e5ab61d96ff822,False
CVE-2021-41228,semgrep,1,refine,,26b623d77a827839,26b623d77a827839,2455,2455,False,e6e5ab61d96ff822,False
CVE-2021-41228,semgrep,2,refine,,26b623d77a827839,26b623d77a827839,2455,2455,False,e6e5ab61d96ff822,False
CVE-2021-41228,semgrep,3,,,26b623d77a827839,26b623d77a827839,2455,2455,False,e6e5ab61d96ff822,False
CVE-2019-14904,semgrep,0,refine,,548f37a35d7f8dd4,26b623d77a827839,2630,2455,True,5633ce3e9f6b5fba,False
CVE-2019-14904,semgrep,1,refine,,26b623d77a827839,26b623d77a827839,2455,2455,False,5633ce3e9f6b5fba,False
CVE-2019-14904,semgrep,2,refine,,26b623d77a827839,26b623d77a827839,2455,2455,False,5633ce3e9f6b5fba,False
CVE-2019-14904,semgrep,3,,,26b623d77a827839,26b623d77a827839,2455,2455,False,5633ce3e9f6b5fba,False
CVE-2026-25130,semgrep,0,refine,,548f37a35d7f8dd4,26b623d77a827839,2630,2455,True,dbffb982b7c5db54,False
CVE-2026-25130,semgrep,1,refine,,26b623d77a827839,26b623d77a827839,2455,2455,False,dbffb982b7c5db54,False
CVE-2026-25130,semgrep,2,refine,,26b623d77a827839,26b623d77a827839,2455,2455,False,dbffb982b7c5db54,False
CVE-2026-25130,semgrep,3,,,26b623d77a827839,26b623d77a827839,2455,2455,False,dbffb982b7c5db54,False
CVE-2026-26331,semgrep,0,,,548f37a35d7f8dd4,548f37a35d7f8dd4,2630,2630,False,e3b0c44298fc1c14,False
CVE-2026-26331,semgrep,1,,,548f37a35d7f8dd4,548f37a35d7f8dd4,2630,2630,False,e3b0c44298fc1c14,False
CVE-2026-26331,semgrep,2,,,548f37a35d7f8dd4,548f37a35d7f8dd4,2630,2630,False,e3b0c44298fc1c14,False
CVE-2026-26331,semgrep,3,,,548f37a35d7f8dd4,548f37a35d7f8dd4,2630,2630,False,e3b0c44298fc1c14,False
CVE-2026-34955,semgrep,0,refine,,548f37a35d7f8dd4,26b623d77a827839,2630,2455,True,04a6b0d64164179f,False
CVE-2026-34955,semgrep,1,refine,,26b623d77a827839,26b623d77a827839,2455,2455,False,04a6b0d64164179f,False
CVE-2026-34955,semgrep,2,refine,,26b623d77a827839,26b623d77a827839,2455,2455,False,04a6b0d64164179f,False
CVE-2026-34955,semgrep,3,,,26b623d77a827839,26b623d77a827839,2455,2455,False,04a6b0d64164179f,False
CVE-2026-34935,semgrep,0,refine,,548f37a35d7f8dd4,26b623d77a827839,2630,2455,True,680dfffd91973774,False
CVE-2026-34935,semgrep,1,keep,,26b623d77a827839,26b623d77a827839,2455,2455,False,680dfffd91973774,False
CVE-2026-34935,semgrep,2,keep,,26b623d77a827839,26b623d77a827839,2455,2455,False,680dfffd91973774,False
CVE-2026-34935,semgrep,3,,,26b623d77a827839,26b623d77a827839,2455,2455,False,680dfffd91973774,False
CVE-2026-35043,semgrep,0,,,548f37a35d7f8dd4,548f37a35d7f8dd4,2630,2630,False,e3b0c44298fc1c14,False
CVE-2026-35043,semgrep,1,,,548f37a35d7f8dd4,548f37a35d7f8dd4,2630,2630,False,e3b0c44298fc1c14,False
CVE-2026-35043,semgrep,2,,,548f37a35d7f8dd4,548f37a35d7f8dd4,2630,2630,False,e3b0c44298fc1c14,False
CVE-2026-35043,semgrep,3,,,548f37a35d7f8dd4,548f37a35d7f8dd4,2630,2630,False,e3b0c44298fc1c14,False
CVE-2026-33641,semgrep,0,,,548f37a35d7f8dd4,548f37a35d7f8dd4,2630,2630,False,e3b0c44298fc1c14,False
CVE-2026-33641,semgrep,1,,,548f37a35d7f8dd4,548f37a35d7f8dd4,2630,2630,False,e3b0c44298fc1c14,False
CVE-2026-33641,semgrep,2,,,548f37a35d7f8dd4,548f37a35d7f8dd4,2630,2630,False,e3b0c44298fc1c14,False
CVE-2026-33641,semgrep,3,,,548f37a35d7f8dd4,548f37a35d7f8dd4,2630,2630,False,e3b0c44298fc1c14,False
CVE-2026-27602,semgrep,0,,,548f37a35d7f8dd4,548f37a35d7f8dd4,2630,2630,False,e3b0c44298fc1c14,False
CVE-2026-27602,semgrep,1,,,548f37a35d7f8dd4,548f37a35d7f8dd4,2630,2630,False,e3b0c44298fc1c14,False
CVE-2026-27602,semgrep,2,,,548f37a35d7f8dd4,548f37a35d7f8dd4,2630,2630,False,e3b0c44298fc1c14,False
CVE-2026-27602,semgrep,3,,,548f37a35d7f8dd4,548f37a35d7f8dd4,2630,2630,False,e3b0c44298fc1c14,False
CVE-2026-33046,semgrep,0,,,548f37a35d7f8dd4,548f37a35d7f8dd4,2630,2630,False,e3b0c44298fc1c14,False
CVE-2026-33046,semgrep,1,,,548f37a35d7f8dd4,548f37a35d7f8dd4,2630,2630,False,e3b0c44298fc1c14,False
CVE-2026-33046,semgrep,2,,,548f37a35d7f8dd4,548f37a35d7f8dd4,2630,2630,False,e3b0c44298fc1c14,False
CVE-2026-33046,semgrep,3,,,548f37a35d7f8dd4,548f37a35d7f8dd4,2630,2630,False,e3b0c44298fc1c14,False
CVE-2026-33310,semgrep,0,,,548f37a35d7f8dd4,548f37a35d7f8dd4,2630,2630,False,e3b0c44298fc1c14,False
CVE-2026-33310,semgrep,1,,,548f37a35d7f8dd4,548f37a35d7f8dd4,2630,2630,False,e3b0c44298fc1c14,False
CVE-2026-33310,semgrep,2,,,548f37a35d7f8dd4,548f37a35d7f8dd4,2630,2630,False,e3b0c44298fc1c14,False
CVE-2026-33310,semgrep,3,,,548f37a35d7f8dd4,548f37a35d7f8dd4,2630,2630,False,e3b0c44298fc1c14,False
CVE-2026-32608,semgrep,0,,,548f37a35d7f8dd4,548f37a35d7f8dd4,2630,2630,False,e3b0c44298fc1c14,False
CVE-2026-32608,semgrep,1,,,548f37a35d7f8dd4,548f37a35d7f8dd4,2630,2630,False,e3b0c44298fc1c14,False
CVE-2026-32608,semgrep,2,,,548f37a35d7f8dd4,548f37a35d7f8dd4,2630,2630,False,e3b0c44298fc1c14,False
CVE-2026-32608,semgrep,3,,,548f37a35d7f8dd4,548f37a35d7f8dd4,2630,2630,False,e3b0c44298fc1c14,False
CVE-2026-0596,semgrep,0,,,548f37a35d7f8dd4,548f37a35d7f8dd4,2630,2630,False,e3b0c44298fc1c14,False
CVE-2026-0596,semgrep,1,,,548f37a35d7f8dd4,548f37a35d7f8dd4,2630,2630,False,e3b0c44298fc1c14,False
CVE-2026-0596,semgrep,2,,,548f37a35d7f8dd4,548f37a35d7f8dd4,2630,2630,False,e3b0c44298fc1c14,False
CVE-2026-0596,semgrep,3,,,548f37a35d7f8dd4,548f37a35d7f8dd4,2630,2630,False,e3b0c44298fc1c14,False
CVE-2026-33718,semgrep,0,refine,,548f37a35d7f8dd4,26b623d77a827839,2630,2455,True,4c8bee7983dea171,False
CVE-2026-33718,semgrep,1,refine,,26b623d77a827839,26b623d77a827839,2455,2455,False,4c8bee7983dea171,False
CVE-2026-33718,semgrep,2,refine,,26b623d77a827839,26b623d77a827839,2455,2455,False,4c8bee7983dea171,False
CVE-2026-33718,semgrep,3,,,26b623d77a827839,26b623d77a827839,2455,2455,False,4c8bee7983dea171,False
CVE-2025-64340,semgrep,0,,,548f37a35d7f8dd4,548f37a35d7f8dd4,2630,2630,False,e3b0c44298fc1c14,False
CVE-2025-64340,semgrep,1,,,548f37a35d7f8dd4,548f37a35d7f8dd4,2630,2630,False,e3b0c44298fc1c14,False
CVE-2025-64340,semgrep,2,,,548f37a35d7f8dd4,548f37a35d7f8dd4,2630,2630,False,e3b0c44298fc1c14,False
CVE-2025-64340,semgrep,3,,,548f37a35d7f8dd4,548f37a35d7f8dd4,2630,2630,False,e3b0c44298fc1c14,False
CVE-2023-34540,semgrep,0,refine,,548f37a35d7f8dd4,26b623d77a827839,2630,2455,True,643ea57c32ffabb7,False
CVE-2023-34540,semgrep,1,refine,,26b623d77a827839,26b623d77a827839,2455,2455,False,643ea57c32ffabb7,False
CVE-2023-34540,semgrep,2,refine,,26b623d77a827839,26b623d77a827839,2455,2455,False,643ea57c32ffabb7,False
CVE-2023-34540,semgrep,3,,,26b623d77a827839,26b623d77a827839,2455,2455,False,643ea57c32ffabb7,False
CVE-2023-4033,semgrep,0,refine,,548f37a35d7f8dd4,26b623d77a827839,2630,2455,True,0e5b1d465526614c,False
CVE-2023-4033,semgrep,1,refine,,26b623d77a827839,26b623d77a827839,2455,2455,False,0e5b1d465526614c,False
CVE-2023-4033,semgrep,2,refine,,26b623d77a827839,26b623d77a827839,2455,2455,False,0e5b1d465526614c,False
CVE-2023-4033,semgrep,3,,,26b623d77a827839,26b623d77a827839,2455,2455,False,0e5b1d465526614c,False
CVE-2023-40267,semgrep,0,refine,,548f37a35d7f8dd4,26b623d77a827839,2630,2455,True,4632d135e0c7d8b3,False
CVE-2023-40267,semgrep,1,keep,,26b623d77a827839,26b623d77a827839,2455,2455,False,4632d135e0c7d8b3,False
CVE-2023-40267,semgrep,2,keep,,26b623d77a827839,26b623d77a827839,2455,2455,False,4632d135e0c7d8b3,False
CVE-2023-40267,semgrep,3,,,26b623d77a827839,26b623d77a827839,2455,2455,False,4632d135e0c7d8b3,False
CVE-2023-40581,semgrep,0,refine,,548f37a35d7f8dd4,26b623d77a827839,2630,2455,True,11832a2ae62de84e,False
CVE-2023-40581,semgrep,1,refine,,26b623d77a827839,26b623d77a827839,2455,2455,False,11832a2ae62de84e,False
CVE-2023-40581,semgrep,2,refine,,26b623d77a827839,26b623d77a827839,2455,2455,False,11832a2ae62de84e,False
CVE-2023-40581,semgrep,3,,,26b623d77a827839,26b623d77a827839,2455,2455,False,11832a2ae62de84e,False
CVE-2023-5002,semgrep,0,refine,,548f37a35d7f8dd4,26b623d77a827839,2630,2455,True,399551ab0024d64d,False
CVE-2023-5002,semgrep,1,keep,,26b623d77a827839,26b623d77a827839,2455,2455,False,399551ab0024d64d,False
CVE-2023-5002,semgrep,2,keep,,26b623d77a827839,26b623d77a827839,2455,2455,False,399551ab0024d64d,False
CVE-2023-5002,semgrep,3,,,26b623d77a827839,26b623d77a827839,2455,2455,False,399551ab0024d64d,False
CVE-2023-38673,semgrep,0,refine,,548f37a35d7f8dd4,26b623d77a827839,2630,2455,True,af16f092fe58494a,False
CVE-2023-38673,semgrep,1,refine,,26b623d77a827839,26b623d77a827839,2455,2455,False,af16f092fe58494a,False
CVE-2023-38673,semgrep,2,refine,,26b623d77a827839,26b623d77a827839,2455,2455,False,af16f092fe58494a,False
CVE-2023-38673,semgrep,3,,,26b623d77a827839,26b623d77a827839,2455,2455,False,af16f092fe58494a,False
CVE-2023-6018,semgrep,0,refine,,548f37a35d7f8dd4,26b623d77a827839,2630,2455,True,ba1e53205e1e6a93,False
CVE-2023-6018,semgrep,1,refine,,26b623d77a827839,26b623d77a827839,2455,2455,False,ba1e53205e1e6a93,False
CVE-2023-6018,semgrep,2,refine,,26b623d77a827839,26b623d77a827839,2455,2455,False,ba1e53205e1e6a93,False
CVE-2023-6018,semgrep,3,,,26b623d77a827839,26b623d77a827839,2455,2455,False,ba1e53205e1e6a93,False
CVE-2023-24816,semgrep,0,keep,,548f37a35d7f8dd4,548f37a35d7f8dd4,2630,2630,False,72868e1790f97b7b,False
CVE-2023-24816,semgrep,1,refine,,548f37a35d7f8dd4,26b623d77a827839,2630,2455,True,72868e1790f97b7b,False
CVE-2023-24816,semgrep,2,refine,,26b623d77a827839,26b623d77a827839,2455,2455,False,72868e1790f97b7b,False
CVE-2023-24816,semgrep,3,,,26b623d77a827839,26b623d77a827839,2455,2455,False,72868e1790f97b7b,False
CVE-2023-52311,semgrep,0,refine,,548f37a35d7f8dd4,26b623d77a827839,2630,2455,True,bb87970636b2eaf4,False
CVE-2023-52311,semgrep,1,refine,,26b623d77a827839,26b623d77a827839,2455,2455,False,bb87970636b2eaf4,False
CVE-2023-52311,semgrep,2,refine,,26b623d77a827839,26b623d77a827839,2455,2455,False,bb87970636b2eaf4,False
CVE-2023-52311,semgrep,3,,,26b623d77a827839,26b623d77a827839,2455,2455,False,bb87970636b2eaf4,False
CVE-2023-52314,semgrep,0,refine,,548f37a35d7f8dd4,26b623d77a827839,2630,2455,True,93133e39af0e51f2,False
CVE-2023-52314,semgrep,1,refine,,26b623d77a827839,26b623d77a827839,2455,2455,False,93133e39af0e51f2,False
CVE-2023-52314,semgrep,2,refine,,26b623d77a827839,26b623d77a827839,2455,2455,False,93133e39af0e51f2,False
CVE-2023-52314,semgrep,3,,,26b623d77a827839,26b623d77a827839,2455,2455,False,93133e39af0e51f2,False
CVE-2023-52310,semgrep,0,refine,,548f37a35d7f8dd4,26b623d77a827839,2630,2455,True,55eb1227e519f67a,False
CVE-2023-52310,semgrep,1,refine,,26b623d77a827839,26b623d77a827839,2455,2455,False,55eb1227e519f67a,False
CVE-2023-52310,semgrep,2,refine,,26b623d77a827839,26b623d77a827839,2455,2455,False,55eb1227e519f67a,False
CVE-2023-52310,semgrep,3,,,26b623d77a827839,26b623d77a827839,2455,2455,False,55eb1227e519f67a,False
CVE-2024-47821,semgrep,0,,,548f37a35d7f8dd4,548f37a35d7f8dd4,2630,2630,False,e3b0c44298fc1c14,False
CVE-2024-47821,semgrep,1,,,548f37a35d7f8dd4,548f37a35d7f8dd4,2630,2630,False,e3b0c44298fc1c14,False
CVE-2024-47821,semgrep,2,,,548f37a35d7f8dd4,548f37a35d7f8dd4,2630,2630,False,e3b0c44298fc1c14,False
CVE-2024-47821,semgrep,3,,,548f37a35d7f8dd4,548f37a35d7f8dd4,2630,2630,False,e3b0c44298fc1c14,False
CVE-2024-53899,semgrep,0,,,548f37a35d7f8dd4,548f37a35d7f8dd4,2630,2630,False,e3b0c44298fc1c14,False
CVE-2024-53899,semgrep,1,,,548f37a35d7f8dd4,548f37a35d7f8dd4,2630,2630,False,e3b0c44298fc1c14,False
CVE-2024-53899,semgrep,2,,,548f37a35d7f8dd4,548f37a35d7f8dd4,2630,2630,False,e3b0c44298fc1c14,False
CVE-2024-53899,semgrep,3,,,548f37a35d7f8dd4,548f37a35d7f8dd4,2630,2630,False,e3b0c44298fc1c14,False
CVE-2024-52803,semgrep,0,refine,,548f37a35d7f8dd4,26b623d77a827839,2630,2455,True,e4a20c8862ce0ebc,False
CVE-2024-52803,semgrep,1,refine,,26b623d77a827839,26b623d77a827839,2455,2455,False,e4a20c8862ce0ebc,False
CVE-2024-52803,semgrep,2,refine,,26b623d77a827839,26b623d77a827839,2455,2455,False,e4a20c8862ce0ebc,False
CVE-2024-52803,semgrep,3,,,26b623d77a827839,26b623d77a827839,2455,2455,False,e4a20c8862ce0ebc,False
CVE-2024-34073,semgrep,0,refine,,548f37a35d7f8dd4,26b623d77a827839,2630,2455,True,07c33ca72842073e,False
CVE-2024-34073,semgrep,1,keep,,26b623d77a827839,26b623d77a827839,2455,2455,False,07c33ca72842073e,False
CVE-2024-34073,semgrep,2,keep,,26b623d77a827839,26b623d77a827839,2455,2455,False,07c33ca72842073e,False
CVE-2024-34073,semgrep,3,,,26b623d77a827839,26b623d77a827839,2455,2455,False,07c33ca72842073e,False
CVE-2024-29189,semgrep,0,,,548f37a35d7f8dd4,548f37a35d7f8dd4,2630,2630,False,e3b0c44298fc1c14,False
CVE-2024-29189,semgrep,1,,,548f37a35d7f8dd4,548f37a35d7f8dd4,2630,2630,False,e3b0c44298fc1c14,False
CVE-2024-29189,semgrep,2,,,548f37a35d7f8dd4,548f37a35d7f8dd4,2630,2630,False,e3b0c44298fc1c14,False
CVE-2024-29189,semgrep,3,,,548f37a35d7f8dd4,548f37a35d7f8dd4,2630,2630,False,e3b0c44298fc1c14,False
CVE-2025-58180,semgrep,0,refine,,548f37a35d7f8dd4,26b623d77a827839,2630,2455,True,e35c46a920d04ad2,False
CVE-2025-58180,semgrep,1,refine,,26b623d77a827839,26b623d77a827839,2455,2455,False,e35c46a920d04ad2,False
CVE-2025-58180,semgrep,2,refine,,26b623d77a827839,26b623d77a827839,2455,2455,False,e35c46a920d04ad2,False
CVE-2025-58180,semgrep,3,,,26b623d77a827839,26b623d77a827839,2455,2455,False,e35c46a920d04ad2,False
CVE-2025-55037,semgrep,0,,,548f37a35d7f8dd4,548f37a35d7f8dd4,2630,2630,False,e3b0c44298fc1c14,False
CVE-2025-55037,semgrep,1,,,548f37a35d7f8dd4,548f37a35d7f8dd4,2630,2630,False,e3b0c44298fc1c14,False
CVE-2025-55037,semgrep,2,,,548f37a35d7f8dd4,548f37a35d7f8dd4,2630,2630,False,e3b0c44298fc1c14,False
CVE-2025-55037,semgrep,3,,,548f37a35d7f8dd4,548f37a35d7f8dd4,2630,2630,False,e3b0c44298fc1c14,False
CVE-2025-62703,semgrep,0,,,548f37a35d7f8dd4,548f37a35d7f8dd4,2630,2630,False,e3b0c44298fc1c14,False
CVE-2025-62703,semgrep,1,,,548f37a35d7f8dd4,548f37a35d7f8dd4,2630,2630,False,e3b0c44298fc1c14,False
CVE-2025-62703,semgrep,2,,,548f37a35d7f8dd4,548f37a35d7f8dd4,2630,2630,False,e3b0c44298fc1c14,False
CVE-2025-62703,semgrep,3,,,548f37a35d7f8dd4,548f37a35d7f8dd4,2630,2630,False,e3b0c44298fc1c14,False
CVE-2025-12763,semgrep,0,refine,,548f37a35d7f8dd4,26b623d77a827839,2630,2455,True,577bc72df6578d16,False
CVE-2025-12763,semgrep,1,keep,,26b623d77a827839,26b623d77a827839,2455,2455,False,577bc72df6578d16,False
CVE-2025-12763,semgrep,2,keep,,26b623d77a827839,26b623d77a827839,2455,2455,False,577bc72df6578d16,False
CVE-2025-12763,semgrep,3,,,26b623d77a827839,26b623d77a827839,2455,2455,False,577bc72df6578d16,False
CVE-2025-60787,semgrep,0,refine,,548f37a35d7f8dd4,26b623d77a827839,2630,2455,True,7abe0c80f40de495,False
CVE-2025-60787,semgrep,1,refine,,26b623d77a827839,26b623d77a827839,2455,2455,False,7abe0c80f40de495,False
CVE-2025-60787,semgrep,2,refine,,26b623d77a827839,26b623d77a827839,2455,2455,False,7abe0c80f40de495,False
CVE-2025-60787,semgrep,3,,,26b623d77a827839,26b623d77a827839,2455,2455,False,7abe0c80f40de495,False
CVE-2025-47782,semgrep,0,refine,,548f37a35d7f8dd4,26b623d77a827839,2630,2455,True,cfb43b2c9051bb20,False
CVE-2025-47782,semgrep,1,refine,,26b623d77a827839,26b623d77a827839,2455,2455,False,cfb43b2c9051bb20,False
CVE-2025-47782,semgrep,2,refine,,26b623d77a827839,26b623d77a827839,2455,2455,False,cfb43b2c9051bb20,False
CVE-2025-47782,semgrep,3,,,26b623d77a827839,26b623d77a827839,2455,2455,False,cfb43b2c9051bb20,False
CVE-2024-53305,semgrep,0,refine,,548f37a35d7f8dd4,26b623d77a827839,2630,2455,True,c45d024f695ee8ed,False
CVE-2024-53305,semgrep,1,refine,,26b623d77a827839,26b623d77a827839,2455,2455,False,c45d024f695ee8ed,False
CVE-2024-53305,semgrep,2,refine,,26b623d77a827839,26b623d77a827839,2455,2455,False,c45d024f695ee8ed,False
CVE-2024-53305,semgrep,3,,,26b623d77a827839,26b623d77a827839,2455,2455,False,c45d024f695ee8ed,False
CVE-2025-0655,semgrep,0,,,548f37a35d7f8dd4,548f37a35d7f8dd4,2630,2630,False,e3b0c44298fc1c14,False
CVE-2025-0655,semgrep,1,,,548f37a35d7f8dd4,548f37a35d7f8dd4,2630,2630,False,e3b0c44298fc1c14,False
CVE-2025-0655,semgrep,2,,,548f37a35d7f8dd4,548f37a35d7f8dd4,2630,2630,False,e3b0c44298fc1c14,False
CVE-2025-0655,semgrep,3,,,548f37a35d7f8dd4,548f37a35d7f8dd4,2630,2630,False,e3b0c44298fc1c14,False
CVE-2022-24065,semgrep,0,,,548f37a35d7f8dd4,548f37a35d7f8dd4,2630,2630,False,e3b0c44298fc1c14,False
CVE-2022-24065,semgrep,1,,,548f37a35d7f8dd4,548f37a35d7f8dd4,2630,2630,False,e3b0c44298fc1c14,False
CVE-2022-24065,semgrep,2,,,548f37a35d7f8dd4,548f37a35d7f8dd4,2630,2630,False,e3b0c44298fc1c14,False
CVE-2022-24065,semgrep,3,,,548f37a35d7f8dd4,548f37a35d7f8dd4,2630,2630,False,e3b0c44298fc1c14,False
CVE-2021-23727,semgrep,0,,,548f37a35d7f8dd4,548f37a35d7f8dd4,2630,2630,False,e3b0c44298fc1c14,False
CVE-2021-23727,semgrep,1,,,548f37a35d7f8dd4,548f37a35d7f8dd4,2630,2630,False,e3b0c44298fc1c14,False
CVE-2021-23727,semgrep,2,,,548f37a35d7f8dd4,548f37a35d7f8dd4,2630,2630,False,e3b0c44298fc1c14,False
CVE-2021-23727,semgrep,3,,,548f37a35d7f8dd4,548f37a35d7f8dd4,2630,2630,False,e3b0c44298fc1c14,False
CVE-2021-21386,semgrep,0,refine,,548f37a35d7f8dd4,26b623d77a827839,2630,2455,True,7e8ba3ba9c229627,False
CVE-2021-21386,semgrep,1,refine,,26b623d77a827839,26b623d77a827839,2455,2455,False,7e8ba3ba9c229627,False
CVE-2021-21386,semgrep,2,refine,,26b623d77a827839,26b623d77a827839,2455,2455,False,7e8ba3ba9c229627,False
CVE-2021-21386,semgrep,3,,,26b623d77a827839,26b623d77a827839,2455,2455,False,7e8ba3ba9c229627,False
CVE-2022-38649,semgrep,0,,,548f37a35d7f8dd4,548f37a35d7f8dd4,2630,2630,False,e3b0c44298fc1c14,False
CVE-2022-38649,semgrep,1,,,548f37a35d7f8dd4,548f37a35d7f8dd4,2630,2630,False,e3b0c44298fc1c14,False
CVE-2022-38649,semgrep,2,,,548f37a35d7f8dd4,548f37a35d7f8dd4,2630,2630,False,e3b0c44298fc1c14,False
CVE-2022-38649,semgrep,3,,,548f37a35d7f8dd4,548f37a35d7f8dd4,2630,2630,False,e3b0c44298fc1c14,False
CVE-2022-41131,semgrep,0,,,548f37a35d7f8dd4,548f37a35d7f8dd4,2630,2630,False,e3b0c44298fc1c14,False
CVE-2022-41131,semgrep,1,,,548f37a35d7f8dd4,548f37a35d7f8dd4,2630,2630,False,e3b0c44298fc1c14,False
CVE-2022-41131,semgrep,2,,,548f37a35d7f8dd4,548f37a35d7f8dd4,2630,2630,False,e3b0c44298fc1c14,False
CVE-2022-41131,semgrep,3,,,548f37a35d7f8dd4,548f37a35d7f8dd4,2630,2630,False,e3b0c44298fc1c14,False
CVE-2022-40189,semgrep,0,,,548f37a35d7f8dd4,548f37a35d7f8dd4,2630,2630,False,e3b0c44298fc1c14,False
CVE-2022-40189,semgrep,1,,,548f37a35d7f8dd4,548f37a35d7f8dd4,2630,2630,False,e3b0c44298fc1c14,False
CVE-2022-40189,semgrep,2,,,548f37a35d7f8dd4,548f37a35d7f8dd4,2630,2630,False,e3b0c44298fc1c14,False
CVE-2022-40189,semgrep,3,,,548f37a35d7f8dd4,548f37a35d7f8dd4,2630,2630,False,e3b0c44298fc1c14,False
CVE-2022-40954,semgrep,0,,,548f37a35d7f8dd4,548f37a35d7f8dd4,2630,2630,False,e3b0c44298fc1c14,False
CVE-2022-40954,semgrep,1,,,548f37a35d7f8dd4,548f37a35d7f8dd4,2630,2630,False,e3b0c44298fc1c14,False
CVE-2022-40954,semgrep,2,,,548f37a35d7f8dd4,548f37a35d7f8dd4,2630,2630,False,e3b0c44298fc1c14,False
CVE-2022-40954,semgrep,3,,,548f37a35d7f8dd4,548f37a35d7f8dd4,2630,2630,False,e3b0c44298fc1c14,False
CVE-2020-1734,semgrep,0,refine,,548f37a35d7f8dd4,26b623d77a827839,2630,2455,True,192b1d01355cad1a,False
CVE-2020-1734,semgrep,1,refine,,26b623d77a827839,26b623d77a827839,2455,2455,False,192b1d01355cad1a,False
CVE-2020-1734,semgrep,2,refine,,26b623d77a827839,26b623d77a827839,2455,2455,False,192b1d01355cad1a,False
CVE-2020-1734,semgrep,3,,,26b623d77a827839,26b623d77a827839,2455,2455,False,192b1d01355cad1a,False
CVE-2015-8557,semgrep,0,,,548f37a35d7f8dd4,548f37a35d7f8dd4,2630,2630,False,e3b0c44298fc1c14,False
CVE-2015-8557,semgrep,1,,,548f37a35d7f8dd4,548f37a35d7f8dd4,2630,2630,False,e3b0c44298fc1c14,False
CVE-2015-8557,semgrep,2,,,548f37a35d7f8dd4,548f37a35d7f8dd4,2630,2630,False,e3b0c44298fc1c14,False
CVE-2015-8557,semgrep,3,,,548f37a35d7f8dd4,548f37a35d7f8dd4,2630,2630,False,e3b0c44298fc1c14,False
CVE-2023-50094,semgrep,0,refine,,548f37a35d7f8dd4,26b623d77a827839,2630,2455,True,00c8fc192095ebf3,False
CVE-2023-50094,semgrep,1,refine,,26b623d77a827839,26b623d77a827839,2455,2455,False,00c8fc192095ebf3,False
CVE-2023-50094,semgrep,2,refine,,26b623d77a827839,26b623d77a827839,2455,2455,False,00c8fc192095ebf3,False
CVE-2023-50094,semgrep,3,,,26b623d77a827839,26b623d77a827839,2455,2455,False,00c8fc192095ebf3,False
CVE-2024-13129,semgrep,0,refine,,548f37a35d7f8dd4,26b623d77a827839,2630,2455,True,b3cc4948cc14847f,False
CVE-2024-13129,semgrep,1,keep,,26b623d77a827839,26b623d77a827839,2455,2455,False,b3cc4948cc14847f,False
CVE-2024-13129,semgrep,2,keep,,26b623d77a827839,26b623d77a827839,2455,2455,False,b3cc4948cc14847f,False
CVE-2024-13129,semgrep,3,,,26b623d77a827839,26b623d77a827839,2455,2455,False,b3cc4948cc14847f,False
CVE-2017-16667,semgrep,0,refine,,548f37a35d7f8dd4,26b623d77a827839,2630,2455,True,0dc06eb667994e78,False
CVE-2017-16667,semgrep,1,refine,,26b623d77a827839,26b623d77a827839,2455,2455,False,0dc06eb667994e78,False
CVE-2017-16667,semgrep,2,refine,,26b623d77a827839,26b623d77a827839,2455,2455,False,0dc06eb667994e78,False
CVE-2017-16667,semgrep,3,,,26b623d77a827839,26b623d77a827839,2455,2455,False,0dc06eb667994e78,False
CVE-2018-6353,semgrep,0,refine,,548f37a35d7f8dd4,26b623d77a827839,2630,2455,True,28754df8c210bce8,False
CVE-2018-6353,semgrep,1,keep,,26b623d77a827839,26b623d77a827839,2455,2455,False,28754df8c210bce8,False
CVE-2018-6353,semgrep,2,keep,,26b623d77a827839,26b623d77a827839,2455,2455,False,28754df8c210bce8,False
CVE-2018-6353,semgrep,3,,,26b623d77a827839,26b623d77a827839,2455,2455,False,28754df8c210bce8,False
CVE-2023-22884,semgrep,0,,,548f37a35d7f8dd4,548f37a35d7f8dd4,2630,2630,False,e3b0c44298fc1c14,False
CVE-2023-22884,semgrep,1,,,548f37a35d7f8dd4,548f37a35d7f8dd4,2630,2630,False,e3b0c44298fc1c14,False
CVE-2023-22884,semgrep,2,,,548f37a35d7f8dd4,548f37a35d7f8dd4,2630,2630,False,e3b0c44298fc1c14,False
CVE-2023-22884,semgrep,3,,,548f37a35d7f8dd4,548f37a35d7f8dd4,2630,2630,False,e3b0c44298fc1c14,False
CVE-2022-46421,semgrep,0,,,548f37a35d7f8dd4,548f37a35d7f8dd4,2630,2630,False,e3b0c44298fc1c14,False
CVE-2022-46421,semgrep,1,,,548f37a35d7f8dd4,548f37a35d7f8dd4,2630,2630,False,e3b0c44298fc1c14,False
CVE-2022-46421,semgrep,2,,,548f37a35d7f8dd4,548f37a35d7f8dd4,2630,2630,False,e3b0c44298fc1c14,False
CVE-2022-46421,semgrep,3,,,548f37a35d7f8dd4,548f37a35d7f8dd4,2630,2630,False,e3b0c44298fc1c14,False
CVE-2026-33744,semgrep,0,,,548f37a35d7f8dd4,548f37a35d7f8dd4,2630,2630,False,e3b0c44298fc1c14,False
CVE-2026-33744,semgrep,1,,,548f37a35d7f8dd4,548f37a35d7f8dd4,2630,2630,False,e3b0c44298fc1c14,False
CVE-2026-33744,semgrep,2,,,548f37a35d7f8dd4,548f37a35d7f8dd4,2630,2630,False,e3b0c44298fc1c14,False
CVE-2026-33744,semgrep,3,,,548f37a35d7f8dd4,548f37a35d7f8dd4,2630,2630,False,e3b0c44298fc1c14,False
CVE-2025-67511,semgrep,0,refine,,548f37a35d7f8dd4,26b623d77a827839,2630,2455,True,ada7740cd63a19ae,False
CVE-2025-67511,semgrep,1,refine,,26b623d77a827839,26b623d77a827839,2455,2455,False,ada7740cd63a19ae,False
CVE-2025-67511,semgrep,2,refine,,26b623d77a827839,26b623d77a827839,2455,2455,False,ada7740cd63a19ae,False
CVE-2025-67511,semgrep,3,,,26b623d77a827839,26b623d77a827839,2455,2455,False,ada7740cd63a19ae,False
CVE-2020-7698,semgrep,0,refine,,548f37a35d7f8dd4,26b623d77a827839,2630,2455,True,eb42c0dfb0941692,False
CVE-2020-7698,semgrep,1,keep,,26b623d77a827839,26b623d77a827839,2455,2455,False,eb42c0dfb0941692,False
CVE-2020-7698,semgrep,2,keep,,26b623d77a827839,26b623d77a827839,2455,2455,False,eb42c0dfb0941692,False
CVE-2020-7698,semgrep,3,,,26b623d77a827839,26b623d77a827839,2455,2455,False,eb42c0dfb0941692,False
CVE-2024-4181,semgrep,0,refine,,548f37a35d7f8dd4,26b623d77a827839,2630,2455,True,ca5366bad59660b6,False
CVE-2024-4181,semgrep,1,refine,,26b623d77a827839,26b623d77a827839,2455,2455,False,ca5366bad59660b6,False
CVE-2024-4181,semgrep,2,refine,,26b623d77a827839,26b623d77a827839,2455,2455,False,ca5366bad59660b6,False
CVE-2024-4181,semgrep,3,,,26b623d77a827839,26b623d77a827839,2455,2455,False,ca5366bad59660b6,False
CVE-2024-0520,semgrep,0,refine,,548f37a35d7f8dd4,26b623d77a827839,2630,2455,True,eb6a87dc50acaf1a,False
CVE-2024-0520,semgrep,1,refine,,26b623d77a827839,26b623d77a827839,2455,2455,False,eb6a87dc50acaf1a,False
CVE-2024-0520,semgrep,2,refine,,26b623d77a827839,26b623d77a827839,2455,2455,False,eb6a87dc50acaf1a,False
CVE-2024-0520,semgrep,3,,,26b623d77a827839,26b623d77a827839,2455,2455,False,eb6a87dc50acaf1a,False
CVE-2023-6940,semgrep,0,refine,,548f37a35d7f8dd4,26b623d77a827839,2630,2455,True,0f2d9509ab457152,False
CVE-2023-6940,semgrep,1,refine,,26b623d77a827839,26b623d77a827839,2455,2455,False,0f2d9509ab457152,False
CVE-2023-6940,semgrep,2,refine,,26b623d77a827839,26b623d77a827839,2455,2455,False,0f2d9509ab457152,False
CVE-2023-6940,semgrep,3,,,26b623d77a827839,26b623d77a827839,2455,2455,False,0f2d9509ab457152,False
CVE-2025-15379,semgrep,0,,,548f37a35d7f8dd4,548f37a35d7f8dd4,2630,2630,False,e3b0c44298fc1c14,False
CVE-2025-15379,semgrep,1,,,548f37a35d7f8dd4,548f37a35d7f8dd4,2630,2630,False,e3b0c44298fc1c14,False
CVE-2025-15379,semgrep,2,,,548f37a35d7f8dd4,548f37a35d7f8dd4,2630,2630,False,e3b0c44298fc1c14,False
CVE-2025-15379,semgrep,3,,,548f37a35d7f8dd4,548f37a35d7f8dd4,2630,2630,False,e3b0c44298fc1c14,False
CVE-2025-14287,semgrep,0,keep,,548f37a35d7f8dd4,548f37a35d7f8dd4,2630,2630,False,f0bd54d25e190154,False
CVE-2025-14287,semgrep,1,keep,,548f37a35d7f8dd4,548f37a35d7f8dd4,2630,2630,False,f0bd54d25e190154,False
CVE-2025-14287,semgrep,2,keep,,548f37a35d7f8dd4,548f37a35d7f8dd4,2630,2630,False,f0bd54d25e190154,False
CVE-2025-14287,semgrep,3,,,548f37a35d7f8dd4,548f37a35d7f8dd4,2630,2630,False,f0bd54d25e190154,False
CVE-2022-33891,semgrep,0,refine,,548f37a35d7f8dd4,26b623d77a827839,2630,2455,True,6d2baf2070296eb5,False
CVE-2022-33891,semgrep,1,refine,,26b623d77a827839,26b623d77a827839,2455,2455,False,6d2baf2070296eb5,False
CVE-2022-33891,semgrep,2,refine,,26b623d77a827839,26b623d77a827839,2455,2455,False,6d2baf2070296eb5,False
CVE-2022-33891,semgrep,3,,,26b623d77a827839,26b623d77a827839,2455,2455,False,6d2baf2070296eb5,False
CVE-2023-32007,semgrep,0,refine,,548f37a35d7f8dd4,26b623d77a827839,2630,2455,True,3255a70f6c2f186f,False
CVE-2023-32007,semgrep,1,refine,,26b623d77a827839,26b623d77a827839,2455,2455,False,3255a70f6c2f186f,False
CVE-2023-32007,semgrep,2,refine,,26b623d77a827839,26b623d77a827839,2455,2455,False,3255a70f6c2f186f,False
CVE-2023-32007,semgrep,3,,,26b623d77a827839,26b623d77a827839,2455,2455,False,3255a70f6c2f186f,False
CVE-2025-22237,semgrep,0,,,548f37a35d7f8dd4,548f37a35d7f8dd4,2630,2630,False,e3b0c44298fc1c14,False
CVE-2025-22237,semgrep,1,,,548f37a35d7f8dd4,548f37a35d7f8dd4,2630,2630,False,e3b0c44298fc1c14,False
CVE-2025-22237,semgrep,2,,,548f37a35d7f8dd4,548f37a35d7f8dd4,2630,2630,False,e3b0c44298fc1c14,False
CVE-2025-22237,semgrep,3,,,548f37a35d7f8dd4,548f37a35d7f8dd4,2630,2630,False,e3b0c44298fc1c14,False
CVE-2024-22423,semgrep,0,refine,,548f37a35d7f8dd4,26b623d77a827839,2630,2455,True,e902c1e8dfcbfcfe,False
CVE-2024-22423,semgrep,1,refine,,26b623d77a827839,26b623d77a827839,2455,2455,False,e902c1e8dfcbfcfe,False
CVE-2024-22423,semgrep,2,refine,,26b623d77a827839,26b623d77a827839,2455,2455,False,e902c1e8dfcbfcfe,False
CVE-2024-22423,semgrep,3,,,26b623d77a827839,26b623d77a827839,2455,2455,False,e902c1e8dfcbfcfe,False
CVE-2022-1813,semgrep,0,refine,,548f37a35d7f8dd4,26b623d77a827839,2630,2455,True,c3c026291a85d4ed,False
CVE-2022-1813,semgrep,1,refine,,26b623d77a827839,26b623d77a827839,2455,2455,False,c3c026291a85d4ed,False
CVE-2022-1813,semgrep,2,refine,,26b623d77a827839,26b623d77a827839,2455,2455,False,c3c026291a85d4ed,False
CVE-2022-1813,semgrep,3,,,26b623d77a827839,26b623d77a827839,2455,2455,False,c3c026291a85d4ed,False
